<?xml version="1.0" encoding="UTF-8"?>
<mods:mods xmlns:mods="http://www.loc.gov/mods/v3" xmlns:METS="http://www.loc.gov/METS/" xmlns:xlink="http://www.w3.org/1999/xlink" xmlns:xsi="http://www.w3.org/2001/XMLSchema-instance" xsi:schemaLocation="http://www.loc.gov/mods/v3 http://www.loc.gov/standards/mods/v3/mods-3-5.xsd">

<mods:titleInfo usage="primary">
      <mods:title>Adler's Bungalow Colony, Greenfield Park, N.Y., pool and cottages</mods:title>
   </mods:titleInfo>
   <mods:name type="corporate">
      <mods:namePart>R. Zukor</mods:namePart>
      <mods:role>
         <mods:roleTerm type="text" authority="marcrelator">publisher</mods:roleTerm>
      </mods:role>
   </mods:name>
   <mods:name type="corporate">
      <mods:namePart>Dexter Press, Inc.</mods:namePart>
      <mods:role>
         <mods:roleTerm type="text" authority="marcrelator">printer</mods:roleTerm>
      </mods:role>
   </mods:name>
   <mods:typeOfResource>still image</mods:typeOfResource>
   <mods:genre authority="aat">picture postcards</mods:genre>
   <mods:originInfo>
      <mods:dateIssued encoding="w3cdtf" keyDate="yes" qualifier="questionable">1955</mods:dateIssued>
      <mods:publisher>R. Zukor</mods:publisher>
      <mods:place>
         <mods:placeTerm authority="marccountry" type="text">New York</mods:placeTerm>
         <mods:placeTerm type="text">Woodbourne</mods:placeTerm>
      </mods:place>
   </mods:originInfo>
   <mods:language>
      <mods:languageTerm authority="iso639-2b" type="text">English</mods:languageTerm>
   </mods:language>
   <mods:physicalDescription>
      <mods:extent>1 postcard : 8.9 x 14 cm.</mods:extent>
      <mods:digitalOrigin>reformatted digital</mods:digitalOrigin>
   </mods:physicalDescription>
   <mods:abstract>View of an outdoor swimming pool and cottages at Adler's Bungalow Colony in Greenfield Park, NY. Caption on the back reads: Filtered pool, casino, planned entertainment, all sports facilities.</mods:abstract>
   <mods:note>Phone: Woodridge 198 W-2 or 647-J.</mods:note>
   <mods:note>64287-B</mods:note>
   <mods:subject>
      <mods:hierarchicalGeographic>
         <mods:country>United States</mods:country>
         <mods:state>New York (State)</mods:state>
         <mods:city>Greenfield Park</mods:city>
      </mods:hierarchicalGeographic>
   </mods:subject>
   <mods:subject>
      <mods:name type="corporate">
         <mods:namePart>Adler's Bungalow Colony</mods:namePart>
      </mods:name>
   </mods:subject>
   <mods:subject authority="lcsh">
      <mods:topic>Swimming pools</mods:topic>
   </mods:subject>
   <mods:subject authority="lcsh">
      <mods:topic>Outdoor recreation</mods:topic>
   </mods:subject>
   <mods:identifier type="BDR_METSID">1194880557453125</mods:identifier>
   <mods:recordInfo>
      <mods:recordContentSource>Northeastern University Libraries</mods:recordContentSource>
      <mods:recordOrigin>MODS records were migrated from the Brown Digital Repository and updated according to Northeastern cataloging standards.</mods:recordOrigin>
      <mods:languageOfCataloging>
         <mods:languageTerm authority="iso639-2b" authorityURI="http://id.loc.gov/vocabulary/iso639-2" valueURI="http://id.loc.gov/vocabulary/iso639-2/eng" type="text">English</mods:languageTerm>
      </mods:languageOfCataloging>
      <mods:descriptionStandard authority="marcdescription">local</mods:descriptionStandard>
   </mods:recordInfo>
<mods:identifier type="handle" displayLabel="Permanent URL">http://hdl.handle.net/2047/D20204219</mods:identifier></mods:mods>
