<?xml version="1.0" encoding="UTF-8"?>
<mods:mods xmlns:mods="http://www.loc.gov/mods/v3"
           xmlns:METS="http://www.loc.gov/METS/"
           xmlns:xlink="http://www.w3.org/1999/xlink"
           xmlns:xsi="http://www.w3.org/2001/XMLSchema-instance"
           xsi:schemaLocation="http://www.loc.gov/mods/v3 http://www.loc.gov/standards/mods/v3/mods-3-5.xsd">
   <mods:titleInfo>
      <mods:title>Youngs Gap Casino, Parksville, N.Y.</mods:title>
   </mods:titleInfo>
   <mods:name type="corporate">
      <mods:namePart>Max Schwartz Co.</mods:namePart>
      <mods:role>
         <mods:roleTerm type="text">publisher</mods:roleTerm>
      </mods:role>
   </mods:name>
   <mods:typeOfResource>still image</mods:typeOfResource>
   <mods:genre authority="aat">picture postcards</mods:genre>
   <mods:originInfo>
      <mods:dateIssued encoding="w3cdtf" keyDate="yes" qualifier="questionable">1930</mods:dateIssued>
      <mods:publisher>Max Schwartz Co.</mods:publisher>
      <mods:place>
         <mods:placeTerm authority="marccountry" type="text">New York</mods:placeTerm>
         <mods:placeTerm type="text">South Fallsburg</mods:placeTerm>
      </mods:place>
   </mods:originInfo>
   <mods:language>
      <mods:languageTerm authority="iso639-2b" type="text">English</mods:languageTerm>
   </mods:language>
   <mods:physicalDescription>
      <mods:extent>1 postcard : 8.9 x 14.1 cm.</mods:extent>
      <mods:digitalOrigin>reformatted digital</mods:digitalOrigin>
   </mods:physicalDescription>
   <mods:abstract>Picture of the Young's Gap Casino in Parksville, NY.</mods:abstract>
   <mods:note>130378</mods:note>
   <mods:subject>
      <mods:hierarchicalGeographic>
         <mods:country>United States</mods:country>
         <mods:state>New York (State)</mods:state>
         <mods:city>Parksville</mods:city>
      </mods:hierarchicalGeographic>
   </mods:subject>
   <mods:subject>
      <mods:name type="corporate">
         <mods:namePart>Young's Gap Hotel</mods:namePart>
      </mods:name>
   </mods:subject>
   <mods:subject authority="lcsh">
      <mods:topic>Casinos</mods:topic>
   </mods:subject>
   <mods:relatedItem displayLabel="Collection:" type="host">
      <mods:titleInfo>
         <mods:title>Catskills Institute</mods:title>
      </mods:titleInfo>
      <mods:identifier type="COLID">41</mods:identifier>
      <mods:identifier type="URI">http://dl.lib.brown.edu/catskills</mods:identifier>
   </mods:relatedItem>
   <mods:identifier type="BDR_METSID">1193061543953125</mods:identifier>
   <mods:recordInfo>
      <mods:recordContentSource>Northeastern University Libraries</mods:recordContentSource>
      <mods:recordOrigin>MODS records were migrated from the Brown Digital Repository and updated according to Northeastern cataloging standards.</mods:recordOrigin>
      <mods:languageOfCataloging>
         <mods:languageTerm authority="iso639-2b"
                            authorityURI="http://id.loc.gov/vocabulary/iso639-2"
                            valueURI="http://id.loc.gov/vocabulary/iso639-2/eng"
                            type="text">English</mods:languageTerm>
      </mods:languageOfCataloging>
      <mods:descriptionStandard authority="marcdescription">local</mods:descriptionStandard>
   </mods:recordInfo>
</mods:mods>
